itemType,id,number,branch,cluster,subcluster,title,fileCount,isDraft,likelyDuplicate,duplicateByTitleCount,duplicateByFileSetCount,duplicateByCommitCount,clusterDisposition,cleanupDecision,cleanupReason
pr,PR#6,6,solana-staking-implementation-4755943510825594584,Solana/Ethereum,blockchain,Implement Solana Staking Logic,1,False,True,0,2,0,partially absorbed,close_pr_and_delete_branch,stale/redundant bot PR; intent archived in consolidated report
pr,PR#7,7,nlp-summarization-implementation-8302135707580407645,NLP,nlp,Implement NLP-based text summarization,1,False,True,0,5,0,partially absorbed,close_pr_and_delete_branch,stale/redundant bot PR; intent archived in consolidated report
pr,PR#9,9,nlp-sentiment-analysis-6682488477329068145,NLP,nlp,Implement real sentiment analysis in NLPProcessor,1,False,True,0,5,0,partially absorbed,close_pr_and_delete_branch,stale/redundant bot PR; intent archived in consolidated report
pr,PR#10,10,nlp-entity-extraction-14616795516656704660,NLP,nlp,Implement actual entity extraction in NLPProcessor,2,False,False,0,0,0,partially absorbed,close_pr_and_delete_branch,stale/redundant bot PR; intent archived in consolidated report
pr,PR#11,11,solana-initialization-783868414048411329,Solana/Ethereum,blockchain,Implement Solana Program Initialization,2,False,True,1,4,0,partially absorbed,close_pr_and_delete_branch,stale/redundant bot PR; intent archived in consolidated report
pr,PR#12,12,feature-eth-tx-implementation-15752912679968118455,Solana/Ethereum,blockchain,Implement Ethereum Token Transfer Logic,1,False,True,0,2,0,partially absorbed,close_pr_and_delete_branch,stale/redundant bot PR; intent archived in consolidated report
pr,PR#13,13,sentinel/fix-cors-security-headers-15137104950878573790,Sentinel,security_headers,🛡️ Sentinel: Fix permissive CORS and add security headers,3,False,False,0,0,0,partially absorbed,close_pr_and_delete_branch,stale/redundant bot PR; intent archived in consolidated report
pr,PR#14,14,palette-live-stream-placeholder-2247012831272199589,Palette,button_a11y,🎨 Palette: Enhance Live Stream Placeholder,4,True,False,0,0,0,partially absorbed,close_pr_and_delete_branch,stale/redundant bot PR; intent archived in consolidated report
pr,PR#15,15,sentinel/fix-cors-config-16519380531536230189,Sentinel,cors,🛡️ Sentinel: [HIGH] Fix overly permissive CORS configuration,2,True,True,3,2,0,partially absorbed,close_pr_and_delete_branch,stale/redundant bot PR; intent archived in consolidated report
pr,PR#16,16,bolt-optimize-event-prioritization-7783416478702402484,Event Pipeline / Integrations,integrations,⚡ Bolt: Optimize event prioritization concurrency,3,True,False,0,0,0,candidate follow-up task,close_pr_and_delete_branch,stale/redundant bot PR; intent archived in consolidated report
pr,PR#17,17,palette-focus-states-17351382806062089582,Palette,button_a11y,🎨 Palette: Add focus states to buttons for accessibility,6,True,False,0,0,0,partially absorbed,close_pr_and_delete_branch,stale/redundant bot PR; intent archived in consolidated report
pr,PR#18,18,bolt-perf-event-prioritizer-6647171762721591045,Event Pipeline / Integrations,integrations,⚡ Bolt: optimize event processing with concurrent execution,3,True,False,0,0,0,candidate follow-up task,close_pr_and_delete_branch,stale/redundant bot PR; intent archived in consolidated report
pr,PR#19,19,sentinel-fix-cors-vulnerability-6748860073341731152,Sentinel,cors,🛡️ Sentinel: [HIGH] Fix overly permissive CORS configuration,2,True,True,1,2,0,partially absorbed,close_pr_and_delete_branch,stale/redundant bot PR; intent archived in consolidated report
pr,PR#20,20,palette-ux-improvements-11899457051988823809,Palette,button_a11y,UX: Improve accessibility and fix CSS build,5,True,True,0,1,0,partially absorbed,close_pr_and_delete_branch,stale/redundant bot PR; intent archived in consolidated report
pr,PR#21,21,feature/event-pipeline-implementation-3209488433687305470,Solana/Ethereum,blockchain,Implement Event Pipeline Processing Logic,9,True,False,0,0,0,partially absorbed,close_pr_and_delete_branch,stale/redundant bot PR; intent archived in consolidated report
pr,PR#22,22,integrate-voting-api-11264882359641286875,Event Pipeline / Integrations,integrations,Integrate voting API with VotingEngine,2,True,True,1,1,0,candidate follow-up task,close_pr_and_delete_branch,stale/redundant bot PR; intent archived in consolidated report
pr,PR#23,23,integrate-voting-api-16076201931976907034,Event Pipeline / Integrations,integrations,Integrate voting API with VotingEngine,2,True,True,1,1,0,candidate follow-up task,close_pr_and_delete_branch,stale/redundant bot PR; intent archived in consolidated report
pr,PR#24,24,integrate-agent-creation-14473106705564142573,Event Pipeline / Integrations,integrations,Integrate create_agent API with SystemOrchestrator,2,True,False,0,0,0,candidate follow-up task,close_pr_and_delete_branch,stale/redundant bot PR; intent archived in consolidated report
pr,PR#25,25,leaderboard-achievements-logic-5695060051861023718,Event Pipeline / Integrations,integrations,Implement achievement count logic for leaderboard,1,True,False,0,0,0,candidate follow-up task,close_pr_and_delete_branch,stale/redundant bot PR; intent archived in consolidated report
pr,PR#26,26,bolt-concurrency-optimization-10776688425655063225,Event Pipeline / Integrations,integrations,⚡ Bolt: Concurrent event processing,1,True,True,0,5,0,candidate follow-up task,close_pr_and_delete_branch,stale/redundant bot PR; intent archived in consolidated report
pr,PR#27,27,sentinel-fix-cors-config-5550084313880239358,Sentinel,cors,🛡️ Sentinel: [HIGH] Fix overly permissive CORS configuration,2,True,True,3,2,0,partially absorbed,close_pr_and_delete_branch,stale/redundant bot PR; intent archived in consolidated report
pr,PR#28,28,palette-ux-fix-focus-styles-15553426834621848622,Palette,button_a11y,🎨 Palette: Focus styles and a11y fixes,6,True,False,0,0,0,partially absorbed,close_pr_and_delete_branch,stale/redundant bot PR; intent archived in consolidated report
pr,PR#29,29,bolt-ingestion-optimization-13455634452102694449,Event Pipeline / Integrations,integrations,⚡ Bolt: Optimize event ingestion history retrieval,2,True,False,0,0,0,candidate follow-up task,close_pr_and_delete_branch,stale/redundant bot PR; intent archived in consolidated report
pr,PR#30,30,sentinel-fix-cors-vuln-17848400822528686808,Sentinel,cors,🛡️ Sentinel: Fix insecure CORS configuration,1,True,True,0,5,0,partially absorbed,close_pr_and_delete_branch,stale/redundant bot PR; intent archived in consolidated report
pr,PR#31,31,bolt-perf-event-processing-6912403605563400978,Event Pipeline / Integrations,integrations,⚡ Bolt: Optimize event batch processing,1,True,True,1,5,0,candidate follow-up task,close_pr_and_delete_branch,stale/redundant bot PR; intent archived in consolidated report
pr,PR#32,32,palette-ux-a11y-improvements-8915230955208924912,Palette,button_a11y,🎨 Palette: Enhance accessibility with hidden emojis and focus states,3,True,False,0,0,0,partially absorbed,close_pr_and_delete_branch,stale/redundant bot PR; intent archived in consolidated report
pr,PR#33,33,bolt-perf-event-concurrency-3915379051695502716,Event Pipeline / Integrations,integrations,⚡ Bolt: Parallelize event batch processing,1,True,True,0,5,0,candidate follow-up task,close_pr_and_delete_branch,stale/redundant bot PR; intent archived in consolidated report
pr,PR#34,34,palette-button-a11y-7413277532083725984,Palette,button_a11y,🎨 Palette: Enhance button accessibility and interaction,8,True,False,0,0,0,partially absorbed,close_pr_and_delete_branch,stale/redundant bot PR; intent archived in consolidated report
pr,PR#35,35,sentinel-security-fix-cors-config-12384604095297759074,Sentinel,cors,🛡️ Sentinel: [HIGH] Fix overly permissive CORS configuration,1,True,True,0,5,0,partially absorbed,close_pr_and_delete_branch,stale/redundant bot PR; intent archived in consolidated report
pr,PR#36,36,bolt-concurrent-processing-8596118844826169435,Event Pipeline / Integrations,integrations,⚡ Bolt: optimize batch event processing,2,True,True,0,2,0,candidate follow-up task,close_pr_and_delete_branch,stale/redundant bot PR; intent archived in consolidated report
pr,PR#37,37,palette-button-focus-and-emojis-2328353520884081766,Palette,button_a11y,🎨 Palette: Enhance button focus states and hide decorative emojis,3,True,False,0,0,0,partially absorbed,close_pr_and_delete_branch,stale/redundant bot PR; intent archived in consolidated report
pr,PR#38,38,sentinel-security-fix-cors-headers-14746788601126694081,Sentinel,security_headers,🛡️ Sentinel: Fix CORS misconfiguration and add security headers,1,True,True,0,5,0,partially absorbed,close_pr_and_delete_branch,stale/redundant bot PR; intent archived in consolidated report
pr,PR#39,39,sentinel/fix-cors-config-2910958761820317373,Sentinel,cors,🛡️ Sentinel: [HIGH] Fix overly permissive CORS configuration,1,True,True,3,5,0,partially absorbed,close_pr_and_delete_branch,stale/redundant bot PR; intent archived in consolidated report
pr,PR#40,40,bolt-perf-ingestion-heapq-5716966508357761853,Event Pipeline / Integrations,integrations,⚡ Bolt: Optimize get_recent_events with heapq.nlargest,4,True,False,0,0,0,candidate follow-up task,close_pr_and_delete_branch,stale/redundant bot PR; intent archived in consolidated report
pr,PR#41,41,palette-button-focus-rings-3821344802931354642,Palette,button_a11y,🎨 Palette: Add focus rings to buttons and fix styles,5,True,True,0,1,0,partially absorbed,close_pr_and_delete_branch,stale/redundant bot PR; intent archived in consolidated report
pr,PR#42,42,sentinel-fix-cors-vulnerability-16677670123966948805,Sentinel,cors,🛡️ Sentinel: [HIGH] Fix overly permissive CORS configuration,3,True,True,1,0,0,partially absorbed,close_pr_and_delete_branch,stale/redundant bot PR; intent archived in consolidated report
pr,PR#43,43,bolt-concurrent-processing-10086390083379725770,Event Pipeline / Integrations,integrations,⚡ Bolt: Optimize event processing concurrency,2,True,True,0,2,0,candidate follow-up task,close_pr_and_delete_branch,stale/redundant bot PR; intent archived in consolidated report
pr,PR#44,44,palette-button-a11y-682806668128868216,Palette,button_a11y,🎨 Palette: Accessible Buttons & Semantic Content,7,True,False,0,0,0,partially absorbed,close_pr_and_delete_branch,stale/redundant bot PR; intent archived in consolidated report
pr,PR#45,45,bolt-perf-batch-processing-7995918966187089148,Event Pipeline / Integrations,integrations,⚡ Bolt: Parallelize event batch processing,2,True,True,1,0,0,candidate follow-up task,close_pr_and_delete_branch,stale/redundant bot PR; intent archived in consolidated report
pr,PR#46,46,sentinel-fix-cors-config-12045893998201154118,Sentinel,cors,🛡️ Sentinel: [HIGH] Fix overly permissive CORS configuration,4,True,True,3,0,0,partially absorbed,close_pr_and_delete_branch,stale/redundant bot PR; intent archived in consolidated report
pr,PR#47,47,palette-ux-improvements-10475162339953763814,Palette,button_a11y,🎨 Palette: Enhance button interaction and accessibility,2,True,False,0,0,0,partially absorbed,close_pr_and_delete_branch,stale/redundant bot PR; intent archived in consolidated report
pr,PR#48,48,bolt-perf-event-processing-7301963982227962548,Event Pipeline / Integrations,integrations,⚡ Bolt: Optimize event batch processing,1,True,True,1,5,0,candidate follow-up task,close_pr_and_delete_branch,stale/redundant bot PR; intent archived in consolidated report
pr,PR#49,49,sentinel/fix-cors-config-11469986317752178497,Sentinel,cors,🛡️ Sentinel: Fix overly permissive CORS configuration,1,True,True,0,5,0,partially absorbed,close_pr_and_delete_branch,stale/redundant bot PR; intent archived in consolidated report
pr,PR#50,50,palette-ux-improvements-1303415929962937969,Palette,button_a11y,🎨 Palette: Accessibility and Button Polish,8,True,False,0,0,0,partially absorbed,close_pr_and_delete_branch,stale/redundant bot PR; intent archived in consolidated report
pr,PR#51,51,sentinel-cors-fix-11318330261158574821,Sentinel,cors,🛡️ Sentinel: Fix Critical CORS Vulnerability,2,True,False,0,0,0,partially absorbed,close_pr_and_delete_branch,stale/redundant bot PR; intent archived in consolidated report
pr,PR#52,52,bolt-perf-event-processing-16392546152050038496,Event Pipeline / Integrations,integrations,⚡ Bolt: Parallelize event batch processing,1,True,True,1,5,0,candidate follow-up task,close_pr_and_delete_branch,stale/redundant bot PR; intent archived in consolidated report
pr,PR#53,53,palette-button-focus-17981727123836556579,Palette,button_a11y,🎨 Palette: Add accessible focus states and tactile feedback,5,True,False,0,0,0,partially absorbed,close_pr_and_delete_branch,stale/redundant bot PR; intent archived in consolidated report
pr,PR#54,54,memory-manager-lru-optimization-9311857902177515346,Bolt,memory,Optimize MemoryManager LRU Eviction,1,True,True,0,2,0,partially absorbed,close_pr_and_delete_branch,stale/redundant bot PR; intent archived in consolidated report
pr,PR#55,55,perf/knowledge-base-optimization-1968374482546504460,Other,other,Optimize `get_popular_entries` performance,1,True,True,0,3,0,not absorbed but stale,close_pr_and_delete_branch,stale/redundant bot PR; intent archived in consolidated report
pr,PR#56,56,batch-process-concurrency-1976448705994792219,Event Pipeline / Integrations,integrations,Optimize batch event processing using asyncio.gather,1,True,True,0,5,0,candidate follow-up task,close_pr_and_delete_branch,stale/redundant bot PR; intent archived in consolidated report
pr,PR#57,57,blocking-vrf-simulation-6614803753991214422,Other,other,Fix blocking VRF simulation,1,True,False,0,0,0,not absorbed but stale,close_pr_and_delete_branch,stale/redundant bot PR; intent archived in consolidated report
pr,PR#58,58,agent-broadcast-concurrency-2810301396400765001,Bolt,batch_concurrency,Agent Broadcast Concurrency Optimization,1,True,False,0,0,0,partially absorbed,close_pr_and_delete_branch,stale/redundant bot PR; intent archived in consolidated report
pr,PR#59,59,knowledge-base-optimization-2989810028268141219,Bolt,knowledge_base,Optimize KnowledgeBase search with inverted index,1,True,True,0,3,0,partially absorbed,close_pr_and_delete_branch,stale/redundant bot PR; intent archived in consolidated report
pr,PR#60,60,feature/memory-expiration-optimization-1600601424454404851,Bolt,memory,Optimize MemoryManager expiration logic,1,True,True,0,2,0,partially absorbed,close_pr_and_delete_branch,stale/redundant bot PR; intent archived in consolidated report
pr,PR#62,62,bolt-optimize-ingestion-query-1804630156857118313,Event Pipeline / Integrations,integrations,⚡ Bolt: Optimize event ingestion query speed,3,True,False,0,0,0,candidate follow-up task,close_pr_and_delete_branch,stale/redundant bot PR; intent archived in consolidated report
pr,PR#63,63,sentinel-fix-cors-security-18230752977920748728,Sentinel,cors,🛡️ Sentinel: Fix insecure CORS configuration,3,True,False,0,0,0,partially absorbed,close_pr_and_delete_branch,stale/redundant bot PR; intent archived in consolidated report
pr,PR#64,64,palette-button-a11y-2983379759854978567,Palette,button_a11y,🎨 Palette: Button Accessibility Improvements,4,True,False,0,0,0,partially absorbed,close_pr_and_delete_branch,stale/redundant bot PR; intent archived in consolidated report
pr,PR#66,66,sentinel-security-headers-12914130264784549018,Sentinel,security_headers,🛡️ Sentinel: [MEDIUM] Add basic security headers,2,True,True,0,1,0,partially absorbed,close_pr_and_delete_branch,stale/redundant bot PR; intent archived in consolidated report
pr,PR#67,67,palette-disabled-button-states-2642690034922676213,Palette,button_a11y,🎨 Palette: Add disabled states to buttons,3,True,False,0,0,0,partially absorbed,close_pr_and_delete_branch,stale/redundant bot PR; intent archived in consolidated report
pr,PR#68,68,bolt-memory-optimization-13323577601643578385,Bolt,memory,⚡ Bolt: Optimize MemoryManager performance,4,True,False,0,0,0,partially absorbed,close_pr_and_delete_branch,stale/redundant bot PR; intent archived in consolidated report
pr,PR#69,69,bolt/optimize-knowledge-base-heapq-155279521988265201,Bolt,knowledge_base,⚡ Bolt: Optimize KnowledgeBase sorting with heapq,1,True,True,0,3,0,partially absorbed,close_pr_and_delete_branch,stale/redundant bot PR; intent archived in consolidated report
pr,PR#70,70,sentinel-security-headers-18404879430170754317,Sentinel,security_headers,🛡️ Sentinel: [HIGH] Add Security Headers Middleware,2,True,True,0,1,0,partially absorbed,close_pr_and_delete_branch,stale/redundant bot PR; intent archived in consolidated report
pr,PR#71,71,palette-skip-link-7429120537729789941,Palette,skip_link,"Add ""Skip to content"" link for accessibility",4,True,False,0,0,0,partially absorbed,close_pr_and_delete_branch,stale/redundant bot PR; intent archived in consolidated report
pr,PR#72,72,nlp-summarization-implementation-1686588178262361815,NLP,nlp,Implement NLP Summarization,1,True,True,0,5,0,partially absorbed,close_pr_and_delete_branch,stale/redundant bot PR; intent archived in consolidated report
pr,PR#73,73,nlp-topic-classification-4527222308535902792,NLP,nlp,Implement topic classification with fallback heuristic,1,True,True,1,5,0,partially absorbed,close_pr_and_delete_branch,stale/redundant bot PR; intent archived in consolidated report
pr,PR#74,74,solana-initialization-12243703043467185670,Solana/Ethereum,blockchain,Implement Solana Program Initialization,2,True,True,1,4,0,partially absorbed,close_pr_and_delete_branch,stale/redundant bot PR; intent archived in consolidated report
pr,PR#75,75,solana-rewards-distribution-4545190152559402271,Solana/Ethereum,blockchain,Implement Solana reward distribution logic,2,True,False,0,0,0,partially absorbed,close_pr_and_delete_branch,stale/redundant bot PR; intent archived in consolidated report
pr,PR#76,76,nlp-entity-extraction-13559531642555241686,NLP,nlp,Implement NLP entity extraction,2,True,False,0,0,0,partially absorbed,close_pr_and_delete_branch,stale/redundant bot PR; intent archived in consolidated report
pr,PR#77,77,eth-connection-implementation-11597750245791256047,Solana/Ethereum,blockchain,Implement AsyncWeb3 Connection,2,True,False,0,0,0,partially absorbed,close_pr_and_delete_branch,stale/redundant bot PR; intent archived in consolidated report
pr,PR#78,78,nlp-topic-classification-15642149026415156386,NLP,nlp,Implement heuristic topic classification fallback,2,True,True,1,0,0,partially absorbed,close_pr_and_delete_branch,stale/redundant bot PR; intent archived in consolidated report
pr,PR#79,79,feature/solana-reward-distribution-3240895994465389286,Solana/Ethereum,blockchain,Implement batched reward distribution on Solana,1,True,True,0,2,0,partially absorbed,close_pr_and_delete_branch,stale/redundant bot PR; intent archived in consolidated report
pr,PR#80,80,solana-rewards-distribution-4388972475469022696,Solana/Ethereum,blockchain,Implement Solana rewards distribution transaction logic,2,True,False,0,0,0,partially absorbed,close_pr_and_delete_branch,stale/redundant bot PR; intent archived in consolidated report
pr,PR#81,81,eth-transfer-impl-13144202169180385868,Solana/Ethereum,blockchain,Implement Ethereum token transfer logic,1,True,True,0,2,0,partially absorbed,close_pr_and_delete_branch,stale/redundant bot PR; intent archived in consolidated report
pr,PR#82,82,eth-transfer-tokens-9407955727924875770,Solana/Ethereum,blockchain,Implement Ethereum token transfer logic with AsyncWeb3,1,True,True,0,2,0,partially absorbed,close_pr_and_delete_branch,stale/redundant bot PR; intent archived in consolidated report
pr,PR#83,83,nlp-sentiment-analysis-14520272026655466146,NLP,nlp,Implement actual sentiment analysis using Transformers and OpenAI fallback,1,True,True,0,5,0,partially absorbed,close_pr_and_delete_branch,stale/redundant bot PR; intent archived in consolidated report
pr,PR#84,84,feature/solana-stake-tokens-2217138998065294611,Solana/Ethereum,blockchain,Implement Solana staking logic,2,True,True,0,4,0,partially absorbed,close_pr_and_delete_branch,stale/redundant bot PR; intent archived in consolidated report
pr,PR#85,85,feature/nlp-topic-classification-2887928656568684953,NLP,nlp,Implement topic classification with local and keyword fallbacks,1,True,True,0,5,0,partially absorbed,close_pr_and_delete_branch,stale/redundant bot PR; intent archived in consolidated report
pr,PR#86,86,solana-staking-implementation-9890694889778666616,Solana/Ethereum,blockchain,Implement Solana staking transaction logic,2,True,True,0,4,0,partially absorbed,close_pr_and_delete_branch,stale/redundant bot PR; intent archived in consolidated report
pr,PR#87,87,palette-skip-link-2614378897773063730,Palette,skip_link,feat(a11y): add accessible skip-to-content link,5,True,True,0,3,0,partially absorbed,close_pr_and_delete_branch,stale/redundant bot PR; intent archived in consolidated report
pr,PR#88,88,bolt-optimize-memory-manager-4814843537392971274,Bolt,memory,⚡ Bolt: Optimize MemoryManager expiration with min-heap,1,True,True,0,2,0,partially absorbed,close_pr_and_delete_branch,stale/redundant bot PR; intent archived in consolidated report
pr,PR#89,89,solana-rewards-distribution-7720502563146827908,Solana/Ethereum,blockchain,Implement Solana reward distribution with batching and solders,1,True,True,0,2,0,partially absorbed,close_pr_and_delete_branch,stale/redundant bot PR; intent archived in consolidated report
pr,PR#90,90,palette-skip-link-15382117385633722380,Palette,skip_link,Add Skip to Content Link,5,True,True,2,3,0,partially absorbed,close_pr_and_delete_branch,stale/redundant bot PR; intent archived in consolidated report
pr,PR#91,91,sentinel-security-headers-12605553481758673520,Sentinel,security_headers,Add Security Headers Middleware,1,True,True,0,5,0,partially absorbed,close_pr_and_delete_branch,stale/redundant bot PR; intent archived in consolidated report
pr,PR#92,92,bolt-optimize-knowledge-base-631752825821468656,Bolt,knowledge_base,⚡ Bolt: Optimize KnowledgeBase.get_popular_entries,2,True,False,0,0,0,partially absorbed,close_pr_and_delete_branch,stale/redundant bot PR; intent archived in consolidated report
pr,PR#94,94,bolt-memory-optimization-2706888848393998072,Bolt,memory,⚡ Bolt: Optimize MemoryManager expiration with Min-Heap,2,True,False,0,0,0,partially absorbed,close_pr_and_delete_branch,stale/redundant bot PR; intent archived in consolidated report
pr,PR#95,95,palette-skip-link-9277097823990309816,Palette,skip_link,Add accessible Skip to Content link,5,True,True,1,3,0,partially absorbed,close_pr_and_delete_branch,stale/redundant bot PR; intent archived in consolidated report
pr,PR#96,96,sentinel-fix-hardcoded-secret-solana-1568087213360806544,Solana/Ethereum,blockchain,🛡️ Sentinel: [CRITICAL] Fix hardcoded private key in Solana contract manager,2,True,True,0,4,0,partially absorbed,close_pr_and_delete_branch,stale/redundant bot PR; intent archived in consolidated report
pr,PR#97,97,sentinel-xss-fix-13545425307252449808,Sentinel,xss,🛡️ Sentinel: Fix Stored XSS in Event Ingestion,2,True,True,0,2,0,partially absorbed,close_pr_and_delete_branch,stale/redundant bot PR; intent archived in consolidated report
pr,PR#98,98,bolt/optimize-keyword-extraction-12424665956431383870,Event Pipeline / Integrations,integrations,⚡ Bolt: Optimize keyword extraction,3,True,False,0,0,0,candidate follow-up task,close_pr_and_delete_branch,stale/redundant bot PR; intent archived in consolidated report
pr,PR#99,99,palette-skip-link-16942158476639863538,Palette,skip_link,Add Skip to Content Link,5,True,True,2,3,0,partially absorbed,close_pr_and_delete_branch,stale/redundant bot PR; intent archived in consolidated report
pr,PR#100,100,bolt-optimize-keywords-heapq-9316639758459471555,Event Pipeline / Integrations,integrations,⚡ Bolt: Optimize keyword extraction with heapq,2,True,True,0,2,0,candidate follow-up task,close_pr_and_delete_branch,stale/redundant bot PR; intent archived in consolidated report
pr,PR#101,101,palette-skip-link-18214462126448498892,Palette,skip_link,Add Skip to Content Link,6,True,True,2,1,0,partially absorbed,close_pr_and_delete_branch,stale/redundant bot PR; intent archived in consolidated report
pr,PR#102,102,bolt-knowledge-base-optimization-747398631657476118,Bolt,knowledge_base,⚡ Bolt: Optimize KnowledgeBase retrieval methods,1,True,True,0,3,0,partially absorbed,close_pr_and_delete_branch,stale/redundant bot PR; intent archived in consolidated report
pr,PR#103,103,palette-skip-link-7268249817512410800,Palette,skip_link,Add accessible Skip to Content link,6,True,True,1,1,0,partially absorbed,close_pr_and_delete_branch,stale/redundant bot PR; intent archived in consolidated report
pr,PR#104,104,sentinel-xss-fix-3245507546280847048,Sentinel,xss,🛡️ Sentinel: [CRITICAL/HIGH] Fix XSS vulnerability in event ingestion,2,True,True,0,2,0,partially absorbed,close_pr_and_delete_branch,stale/redundant bot PR; intent archived in consolidated report
pr,PR#108,108,palette-ux-fix-skip-link-1158544930180096464,Palette,skip_link,🎨 Fix broken 'Skip to content' link target,2,True,True,0,3,0,partially absorbed,close_pr_and_delete_branch,stale/redundant bot PR; intent archived in consolidated report
pr,PR#109,109,bolt-kb-heap-optimization-2991149502993500805,Bolt,knowledge_base,⚡ Bolt: Optimize KnowledgeBase retrieval with heapq,2,True,True,0,1,0,partially absorbed,close_pr_and_delete_branch,stale/redundant bot PR; intent archived in consolidated report
pr,PR#110,110,sentinel-fix-eth-leak-15056472117839812900,Solana/Ethereum,blockchain,🛡️ Sentinel: Fix information leak in Ethereum contract manager,2,True,False,0,0,0,partially absorbed,close_pr_and_delete_branch,stale/redundant bot PR; intent archived in consolidated report
pr,PR#111,111,palette-ux-fix-skip-link-13334106688925214882,Palette,skip_link,🎨 Palette: Fix broken 'Skip to content' link,3,True,True,2,0,0,partially absorbed,close_pr_and_delete_branch,stale/redundant bot PR; intent archived in consolidated report
pr,PR#112,112,bolt-memory-optimization-4186426160361128159,Bolt,memory,⚡ Bolt: Optimize MemoryManager eviction to O(1),3,True,False,0,0,0,partially absorbed,close_pr_and_delete_branch,stale/redundant bot PR; intent archived in consolidated report
pr,PR#113,113,sentinel-api-validation-6675012327141779541,Sentinel,input_validation,🛡️ Sentinel: [HIGH] Add input validation to API endpoints,4,True,False,0,0,0,partially absorbed,close_pr_and_delete_branch,stale/redundant bot PR; intent archived in consolidated report
pr,PR#114,114,palette-skip-link-fix-6517619891190616260,Palette,skip_link,🎨 Palette: Fix skip-to-content link & add visual polish,3,True,True,0,1,0,partially absorbed,close_pr_and_delete_branch,stale/redundant bot PR; intent archived in consolidated report
pr,PR#115,115,bolt-kb-optimization-6031646638309913815,Bolt,knowledge_base,⚡ Bolt: Optimize KnowledgeBase retrieval using heapq,4,True,False,0,0,0,partially absorbed,close_pr_and_delete_branch,stale/redundant bot PR; intent archived in consolidated report
pr,PR#116,116,sentinel-input-validation-fix-11165276134219097005,Sentinel,input_validation,🛡️ Sentinel: [HIGH] Fix missing input validation in API endpoints,4,True,False,0,0,0,partially absorbed,close_pr_and_delete_branch,stale/redundant bot PR; intent archived in consolidated report
pr,PR#117,117,palette-ux-fix-skip-link-10533955804613160608,Palette,skip_link,"🎨 Palette: Fix broken ""Skip to content"" link",2,True,True,2,3,0,partially absorbed,close_pr_and_delete_branch,stale/redundant bot PR; intent archived in consolidated report
pr,PR#118,118,bolt-optimize-kb-recent-entries-2971803268308079864,Bolt,knowledge_base,⚡ Bolt: Optimize KnowledgeBase.get_recent_entries,2,True,True,0,1,0,partially absorbed,close_pr_and_delete_branch,stale/redundant bot PR; intent archived in consolidated report
pr,PR#119,119,sentinel-fix-xss-ingestion-13335322750244801575,Sentinel,xss,🛡️ Sentinel: [HIGH] Fix XSS vulnerability in event ingestion,2,True,True,0,2,0,partially absorbed,close_pr_and_delete_branch,stale/redundant bot PR; intent archived in consolidated report
pr,PR#120,120,bolt-optimize-prioritization-10267616262586992553,Event Pipeline / Integrations,integrations,⚡ Bolt: Optimize event prioritization loop,1,True,False,0,0,0,candidate follow-up task,close_pr_and_delete_branch,stale/redundant bot PR; intent archived in consolidated report
pr,PR#121,121,palette-skip-link-fix-12025285390623159168,Palette,skip_link,🎨 Palette: Fix broken skip link and polish stream placeholder,3,True,True,0,1,0,partially absorbed,close_pr_and_delete_branch,stale/redundant bot PR; intent archived in consolidated report
pr,PR#122,122,sentinel-api-validation-2849219881441936158,Sentinel,input_validation,🛡️ Sentinel: Add API Input Validation,4,True,False,0,0,0,partially absorbed,close_pr_and_delete_branch,stale/redundant bot PR; intent archived in consolidated report
pr,PR#123,123,sentinel-security-fix-input-validation-15454313581290640899,Sentinel,input_validation,🛡️ Sentinel: Fix API Input Validation & Range Limits,4,True,False,0,0,0,partially absorbed,close_pr_and_delete_branch,stale/redundant bot PR; intent archived in consolidated report
pr,PR#124,124,palette-ux-fix-skip-link-15947715567041495745,Palette,skip_link,🎨 Palette: Fix broken Skip to Content link,2,True,True,2,3,0,partially absorbed,close_pr_and_delete_branch,stale/redundant bot PR; intent archived in consolidated report
pr,PR#125,125,palette-skip-link-fix-6033682961336460305,Palette,skip_link,🎨 Palette: Fix broken skip-to-content link accessibility,2,True,True,0,3,0,partially absorbed,close_pr_and_delete_branch,stale/redundant bot PR; intent archived in consolidated report
orphan_remote_branch,origin,,origin,Other,other,"feat: consolidate Sentinel, Bolt, and Palette fixes",,,,,,,not absorbed but stale,delete_branch,orphan remote branch in zeroing cleanup scope
orphan_remote_branch,origin/bolt-memory-optimization-3335938590306578285,,bolt-memory-optimization-3335938590306578285,Bolt,batch_concurrency,⚡ Bolt: Optimize MemoryManager LRU eviction,,,,,,,partially absorbed,delete_branch,orphan remote branch in zeroing cleanup scope
orphan_remote_branch,origin/bolt-memory-optimization-3661332415857398603,,bolt-memory-optimization-3661332415857398603,Bolt,batch_concurrency,⚡ Bolt: optimize MemoryManager LRU eviction (O(N) -> O(1)),,,,,,,partially absorbed,delete_branch,orphan remote branch in zeroing cleanup scope
orphan_remote_branch,origin/bolt-memory-optimization-6704617728803819196,,bolt-memory-optimization-6704617728803819196,Bolt,batch_concurrency,⚡ Bolt: Optimize MemoryManager eviction to O(1),,,,,,,partially absorbed,delete_branch,orphan remote branch in zeroing cleanup scope
orphan_remote_branch,origin/bolt-optimize-prioritization-13493612321908252632,,bolt-optimize-prioritization-13493612321908252632,Bolt,prioritization,perf: Optimize event prioritization loop,,,,,,,partially absorbed,delete_branch,orphan remote branch in zeroing cleanup scope
orphan_remote_branch,origin/bolt-optimize-prioritization-5672661080323089963,,bolt-optimize-prioritization-5672661080323089963,Bolt,prioritization,perf: Hoist datetime.utcnow() out of prioritization loop,,,,,,,partially absorbed,delete_branch,orphan remote branch in zeroing cleanup scope
orphan_remote_branch,origin/bolt-optimize-prioritization-6380958044875084006,,bolt-optimize-prioritization-6380958044875084006,Bolt,prioritization,⚡ Bolt: Optimize event prioritization scoring,,,,,,,partially absorbed,delete_branch,orphan remote branch in zeroing cleanup scope
orphan_remote_branch,origin/bolt-optimize-prioritization-7336114829044909301,,bolt-optimize-prioritization-7336114829044909301,Bolt,prioritization,perf: Optimize event prioritization loop,,,,,,,partially absorbed,delete_branch,orphan remote branch in zeroing cleanup scope
orphan_remote_branch,origin/bolt-optimize-prioritization-7356961250093272274,,bolt-optimize-prioritization-7356961250093272274,Bolt,prioritization,⚡ Bolt: Optimize event prioritization performance,,,,,,,partially absorbed,delete_branch,orphan remote branch in zeroing cleanup scope
orphan_remote_branch,origin/bolt-solana-rewards-optimization-9591221933058126356,,bolt-solana-rewards-optimization-9591221933058126356,Solana/Ethereum,blockchain,⚡ Optimize Solana rewards with batching and concurrent execution,,,,,,,partially absorbed,delete_branch,orphan remote branch in zeroing cleanup scope
orphan_remote_branch,origin/bolt/gzip-compression-5409770298334154604,,bolt/gzip-compression-5409770298334154604,Bolt,batch_concurrency,⚡ Bolt: Add GZip compression and optimize middleware,,,,,,,partially absorbed,delete_branch,orphan remote branch in zeroing cleanup scope
orphan_remote_branch,origin/copilot/cleanup-prs-and-branches,,copilot/cleanup-prs-and-branches,Other,other,Initial plan,,,,,,,not absorbed but stale,delete_branch,orphan remote branch in zeroing cleanup scope
orphan_remote_branch,origin/copilot/deep-clean-open-prs,,copilot/deep-clean-open-prs,Other,other,"feat: Complete Phase 3 - All 118 branches archived, deletion scripts ready",,,,,,,not absorbed but stale,delete_branch,orphan remote branch in zeroing cleanup scope
orphan_remote_branch,origin/copilot/init-repo-ai-agent-framework,,copilot/init-repo-ai-agent-framework,Other,other,docs: Add quick start guide for developers,,,,,,,not absorbed but stale,delete_branch,orphan remote branch in zeroing cleanup scope
orphan_remote_branch,origin/copilot/merge-and-clean-open-prs,,copilot/merge-and-clean-open-prs,Other,other,Initial plan,,,,,,,not absorbed but stale,delete_branch,orphan remote branch in zeroing cleanup scope
orphan_remote_branch,origin/copilot/review-and-merge-open-prs,,copilot/review-and-merge-open-prs,Other,other,"fix: Address code review feedback - CSS transitions, CORS whitespace, query filtering, commit refs",,,,,,,not absorbed but stale,delete_branch,orphan remote branch in zeroing cleanup scope
orphan_remote_branch,origin/copilot/sub-pr-2,,copilot/sub-pr-2,Other,other,Merge branch 'roadmap-planning-295738438326256003' into copilot/sub-pr-2,,,,,,,not absorbed but stale,delete_branch,orphan remote branch in zeroing cleanup scope
orphan_remote_branch,origin/entity-extraction-integration-15283262572406109902,,entity-extraction-integration-15283262572406109902,Event Pipeline / Integrations,integrations,Integrate entity extraction into event processing pipeline,,,,,,,candidate follow-up task,delete_branch,orphan remote branch in zeroing cleanup scope
orphan_remote_branch,origin/event-pipeline-sentiment-integration-8442152911833457510,,event-pipeline-sentiment-integration-8442152911833457510,NLP,nlp,Integrate NLPProcessor into EventProcessor for sentiment enrichment,,,,,,,partially absorbed,delete_branch,orphan remote branch in zeroing cleanup scope
orphan_remote_branch,origin/feat-topic-classification-1602949834639004941,,feat-topic-classification-1602949834639004941,Other,other,feat: Implement topic classification in NLPProcessor,,,,,,,not absorbed but stale,delete_branch,orphan remote branch in zeroing cleanup scope
orphan_remote_branch,origin/feat/consolidated-sprint-cleanup,,feat/consolidated-sprint-cleanup,Other,other,"feat: consolidate Sentinel, Bolt, and Palette fixes",,,,,,,not absorbed but stale,delete_branch,orphan remote branch in zeroing cleanup scope
orphan_remote_branch,origin/feature-solana-reward-distribution-221878350629160170,,feature-solana-reward-distribution-221878350629160170,Solana/Ethereum,blockchain,Implement distribute_rewards in SolanaContractManager,,,,,,,partially absorbed,delete_branch,orphan remote branch in zeroing cleanup scope
orphan_remote_branch,origin/impl-bridge-to-solana-12915195272763430553,,impl-bridge-to-solana-12915195272763430553,Solana/Ethereum,blockchain,Implement bridge_to_solana in EthereumContractManager,,,,,,,partially absorbed,delete_branch,orphan remote branch in zeroing cleanup scope
orphan_remote_branch,origin/integrate-achievement-system-5609865225371716711,,integrate-achievement-system-5609865225371716711,Event Pipeline / Integrations,integrations,Integrate Achievements API with backend Achievement System,,,,,,,candidate follow-up task,delete_branch,orphan remote branch in zeroing cleanup scope
orphan_remote_branch,origin/integrate-agent-creation-9388869547199653607,,integrate-agent-creation-9388869547199653607,Event Pipeline / Integrations,integrations,Implement create_agent endpoint in backend API,,,,,,,candidate follow-up task,delete_branch,orphan remote branch in zeroing cleanup scope
orphan_remote_branch,origin/integrate-rewards-api-7005174066698413264,,integrate-rewards-api-7005174066698413264,Event Pipeline / Integrations,integrations,Integrate rewards API with blockchain manager,,,,,,,candidate follow-up task,delete_branch,orphan remote branch in zeroing cleanup scope
orphan_remote_branch,origin/integrate-staking-api-11257994998497099074,,integrate-staking-api-11257994998497099074,Event Pipeline / Integrations,integrations,Integrate staking API with SolanaContractManager,,,,,,,candidate follow-up task,delete_branch,orphan remote branch in zeroing cleanup scope
orphan_remote_branch,origin/integrate-user-system-2826508287370219006,,integrate-user-system-2826508287370219006,Event Pipeline / Integrations,integrations,Integrate API users with gamification and leaderboard systems,,,,,,,candidate follow-up task,delete_branch,orphan remote branch in zeroing cleanup scope
orphan_remote_branch,origin/integrate-user-system-6595990450779411585,,integrate-user-system-6595990450779411585,Event Pipeline / Integrations,integrations,Integrate Users API with Gamification and Leaderboard systems,,,,,,,candidate follow-up task,delete_branch,orphan remote branch in zeroing cleanup scope
orphan_remote_branch,origin/integrate-voting-create-session-13670297730782240535,,integrate-voting-create-session-13670297730782240535,Event Pipeline / Integrations,integrations,Integrate create session API with Voting Engine,,,,,,,candidate follow-up task,delete_branch,orphan remote branch in zeroing cleanup scope
orphan_remote_branch,origin/merge-consolidated-features-15399876699212378483,,merge-consolidated-features-15399876699212378483,Other,other,"Merge 70+ open PRs across Security, Performance, UI, and Blockchain",,,,,,,not absorbed but stale,delete_branch,orphan remote branch in zeroing cleanup scope
orphan_remote_branch,origin/palette-fix-skip-link-target-10216515391014222814,,palette-fix-skip-link-target-10216515391014222814,Palette,skip_link,feat(ui): add target attributes for skip-to-content link,,,,,,,partially absorbed,delete_branch,orphan remote branch in zeroing cleanup scope
orphan_remote_branch,origin/palette-fix-skip-to-content-9550480325590498398,,palette-fix-skip-to-content-9550480325590498398,Palette,skip_link,fix(frontend): add target ID for skip-to-content link,,,,,,,partially absorbed,delete_branch,orphan remote branch in zeroing cleanup scope
orphan_remote_branch,origin/palette-skip-link-fix-14150090721261770244,,palette-skip-link-fix-14150090721261770244,Palette,skip_link,🎨 Palette: Fix broken 'Skip to content' link,,,,,,,partially absorbed,delete_branch,orphan remote branch in zeroing cleanup scope
orphan_remote_branch,origin/palette-skip-link-fix-14734612257074472736,,palette-skip-link-fix-14734612257074472736,Palette,skip_link,feat(a11y): Fix broken 'Skip to content' link target,,,,,,,partially absorbed,delete_branch,orphan remote branch in zeroing cleanup scope
orphan_remote_branch,origin/palette-skip-link-fix-6720054691880859458,,palette-skip-link-fix-6720054691880859458,Palette,skip_link,fix(frontend): repair broken skip-to-content link,,,,,,,partially absorbed,delete_branch,orphan remote branch in zeroing cleanup scope
orphan_remote_branch,origin/palette-skip-to-content-580194086454761172,,palette-skip-to-content-580194086454761172,Palette,skip_link,feat(a11y): implement skip to content target in main page,,,,,,,partially absorbed,delete_branch,orphan remote branch in zeroing cleanup scope
orphan_remote_branch,origin/palette-ux-fix-skip-link-521498374733253583,,palette-ux-fix-skip-link-521498374733253583,Palette,skip_link,Fix broken 'Skip to content' link in frontend,,,,,,,partially absorbed,delete_branch,orphan remote branch in zeroing cleanup scope
orphan_remote_branch,origin/palette-ux-fix-skip-link-6732384854670473358,,palette-ux-fix-skip-link-6732384854670473358,Palette,skip_link,🎨 Palette: Fix broken 'Skip to content' link,,,,,,,partially absorbed,delete_branch,orphan remote branch in zeroing cleanup scope
orphan_remote_branch,origin/palette-ux-fix-skip-link-7601764385987138970,,palette-ux-fix-skip-link-7601764385987138970,Palette,skip_link,Fix accessibility: connect skip-to-content link to main content,,,,,,,partially absorbed,delete_branch,orphan remote branch in zeroing cleanup scope
orphan_remote_branch,origin/palette-ux-fix-skip-link-9542977290690432020,,palette-ux-fix-skip-link-9542977290690432020,Palette,skip_link,fix(a11y): repair broken skip-to-content link,,,,,,,partially absorbed,delete_branch,orphan remote branch in zeroing cleanup scope
orphan_remote_branch,origin/roadmap-planning-295738438326256003,,roadmap-planning-295738438326256003,Other,other,Merge pull request #106 from ivviiviivvi/copilot/sub-pr-2,,,,,,,not absorbed but stale,delete_branch,orphan remote branch in zeroing cleanup scope
orphan_remote_branch,origin/sentinel-blockchain-input-validation-577135085908212638,,sentinel-blockchain-input-validation-577135085908212638,Sentinel,input_validation,Fix: Add strict input validation to blockchain API requests,,,,,,,partially absorbed,delete_branch,orphan remote branch in zeroing cleanup scope
orphan_remote_branch,origin/sentinel-input-validation-6340723368095334752,,sentinel-input-validation-6340723368095334752,Sentinel,input_validation,🛡️ Sentinel: Fix Input Validation in API models,,,,,,,partially absorbed,delete_branch,orphan remote branch in zeroing cleanup scope
orphan_remote_branch,origin/sentinel-rate-limit-713839585790603080,,sentinel-rate-limit-713839585790603080,Sentinel,cors,feat(security): add Rate Limit middleware,,,,,,,partially absorbed,delete_branch,orphan remote branch in zeroing cleanup scope
orphan_remote_branch,origin/sentinel-rate-limit-fix-7493302866160368581,,sentinel-rate-limit-fix-7493302866160368581,Sentinel,cors,feat: add rate limiting middleware and fix agent class duplication,,,,,,,partially absorbed,delete_branch,orphan remote branch in zeroing cleanup scope
orphan_remote_branch,origin/sentinel-security-fix-input-validation-blockchain-1033216043639133572,,sentinel-security-fix-input-validation-blockchain-1033216043639133572,Sentinel,input_validation,feat(api): Add Pydantic input validation to Blockchain and Voting APIs,,,,,,,partially absorbed,delete_branch,orphan remote branch in zeroing cleanup scope
orphan_remote_branch,origin/sentinel-validation-fix-3894715094923364651,,sentinel-validation-fix-3894715094923364651,Sentinel,input_validation,🛡️ Sentinel: Add strict Pydantic validation to API models,,,,,,,partially absorbed,delete_branch,orphan remote branch in zeroing cleanup scope
orphan_remote_branch,origin/sentinel-validation-fix-5538584028716075959,,sentinel-validation-fix-5538584028716075959,Sentinel,input_validation,feat(security): enforce Pydantic validation on API models,,,,,,,partially absorbed,delete_branch,orphan remote branch in zeroing cleanup scope
orphan_remote_branch,origin/sentinel/fix-agent-validation-1230991844772212931,,sentinel/fix-agent-validation-1230991844772212931,Sentinel,input_validation,🛡️ Sentinel: [HIGH] Fix corrupted agent file and add input validation,,,,,,,partially absorbed,delete_branch,orphan remote branch in zeroing cleanup scope
orphan_remote_branch,origin/sentinel/fix-input-validation-security-11364443604861322340,,sentinel/fix-input-validation-security-11364443604861322340,Sentinel,input_validation,feat(security): implement strict input validation for blockchain and voting APIs,,,,,,,partially absorbed,delete_branch,orphan remote branch in zeroing cleanup scope
orphan_remote_branch,origin/sentinel/input-validation-1265214094437659959,,sentinel/input-validation-1265214094437659959,Sentinel,input_validation,Add Pydantic validation to API models and fix corrupted Agent class,,,,,,,partially absorbed,delete_branch,orphan remote branch in zeroing cleanup scope
orphan_remote_branch,origin/web3-connection-setup-5885644749125138261,,web3-connection-setup-5885644749125138261,Solana/Ethereum,blockchain,Initialize Ethereum Web3 connection,,,,,,,partially absorbed,delete_branch,orphan remote branch in zeroing cleanup scope
